trip_id,vehicle_id,from,to,start_s,end_s,travel_s,distance_m
AGV-01-trip-1,AGV-01,DEPOT,S02,30,270,240,358.8
AGV-01-trip-1,AGV-01,S02,DEPOT,310,550,240,358.8
replan-001,AGV-02,DEPOT,S06,630,891,261,391.2
replan-001,AGV-02,S06,S04,928,949,21,31.2
replan-001,AGV-02,S04,DEPOT,992,1274,282,422.4
UAV-01-trip-1,UAV-01,DEPOT,S05,20,46,26,205.847
UAV-01-trip-1,UAV-01,S05,DEPOT,86,112,26,205.847
UAV-01-trip-2,UAV-01,DEPOT,S03,202,214,12,89.694
UAV-01-trip-2,UAV-01,S03,DEPOT,244,256,12,89.694
replan-002,UAV-01,DEPOT,S07,346,374,28,223.439
replan-002,UAV-01,S07,S01,400,415,15,117.414
replan-002,UAV-01,S01,DEPOT,440,455,15,112.699
