generation,best_chromosome,population_unique,decoded_unique_total,cache_hits_total,stagnant_generations,generation_best_unassigned_count,generation_best_total_cost,generation_best_transport_cost,generation_best_lateness_penalty,best_known_unassigned_count,best_known_total_cost,best_known_transport_cost,best_known_lateness_penalty
0,"[""T02"", ""T03"", ""T05"", ""T07"", ""T06"", ""T01"", ""T08"", ""T04""]",24,24,0,0,0,12.16,12.16,0.0,0,12.16,12.16,0.0
1,"[""T02"", ""T03"", ""T05"", ""T07"", ""T06"", ""T01"", ""T08"", ""T04""]",23,42,4,1,0,12.16,12.16,0.0,0,12.16,12.16,0.0
2,"[""T02"", ""T03"", ""T05"", ""T07"", ""T06"", ""T01"", ""T08"", ""T04""]",20,59,9,2,0,12.16,12.16,0.0,0,12.16,12.16,0.0
3,"[""T02"", ""T03"", ""T05"", ""T07"", ""T06"", ""T01"", ""T08"", ""T04""]",20,73,17,3,0,12.16,12.16,0.0,0,12.16,12.16,0.0
4,"[""T02"", ""T03"", ""T05"", ""T07"", ""T06"", ""T01"", ""T08"", ""T04""]",20,86,26,4,0,12.16,12.16,0.0,0,12.16,12.16,0.0
5,"[""T02"", ""T03"", ""T05"", ""T07"", ""T06"", ""T01"", ""T08"", ""T04""]",20,100,34,5,0,12.16,12.16,0.0,0,12.16,12.16,0.0
6,"[""T02"", ""T03"", ""T05"", ""T07"", ""T06"", ""T01"", ""T08"", ""T04""]",21,113,43,6,0,12.16,12.16,0.0,0,12.16,12.16,0.0
7,"[""T02"", ""T03"", ""T05"", ""T07"", ""T06"", ""T01"", ""T08"", ""T04""]",16,125,53,7,0,12.16,12.16,0.0,0,12.16,12.16,0.0
8,"[""T02"", ""T03"", ""T05"", ""T07"", ""T06"", ""T01"", ""T08"", ""T04""]",13,132,68,8,0,12.16,12.16,0.0,0,12.16,12.16,0.0
9,"[""T02"", ""T03"", ""T05"", ""T07"", ""T06"", ""T01"", ""T08"", ""T04""]",13,138,84,9,0,12.16,12.16,0.0,0,12.16,12.16,0.0
10,"[""T02"", ""T03"", ""T05"", ""T07"", ""T06"", ""T01"", ""T08"", ""T04""]",17,149,95,10,0,12.16,12.16,0.0,0,12.16,12.16,0.0
11,"[""T02"", ""T03"", ""T05"", ""T07"", ""T06"", ""T01"", ""T08"", ""T04""]",15,157,109,11,0,12.16,12.16,0.0,0,12.16,12.16,0.0
12,"[""T02"", ""T03"", ""T05"", ""T07"", ""T06"", ""T01"", ""T08"", ""T04""]",13,165,123,12,0,12.16,12.16,0.0,0,12.16,12.16,0.0
